,锘縏ype,content
0,5,5
1,1,create.png
2,5,1
3,1,zoom_in.png
4,5,0
5,1,cn_name.png
6,5,1
7,7,250
8,4,徐晨峻
9,1,server_name.png
10,7,250
11,4,xcj
12,1,phone.png
13,7,250
14,4,110
15,1,contact.png
16,7,250
17,4,张三
18,1,keyword.png
19,7,250
20,4,xcj
21,1,lvl.png
22,7,250
23,8,150
24,1,service_order.png
25,7,250
26,4,1
27,1,data_resource.png
28,7,250
29,8,125
30,1,intro.png
31,7,250
32,4,nb
33,1,class.png
34,7,250
35,5,1
36,8,125
37,1,service_engine.png
38,7,250
39,5,1
40,8,125
41,1,service_type.png
42,7,250
43,5,1
44,8,-550
45,5,1
46,6,-400
47,1,dizuo.png
48,7,250
49,8,250
50,1,address1.png
51,7,250
52,4,www.baidu.com
53,1,address2.png
54,7,250
55,4,www.baidu.com
56,5,2
57,6,-400
58,1,zuobiao.png
59,7,250
60,5,1
61,8,-150
62,5,1
63,6,-300
64,1,fgfw.png
65,7,250
66,4,fgfw
67,1,zxzb.png
68,7,250
69,4,zxzb
70,1,save.png
71,5,5
72,1,create.png
73,5,1
74,1,zoom_in.png
75,5,0
76,1,cn_name.png
77,5,1
78,7,250
79,4,朱超宇
80,1,server_name.png
81,7,250
82,4,zcy
83,1,phone.png
84,7,250
85,4,120
86,1,contact.png
87,7,250
88,4,张三
89,1,keyword.png
90,7,250
91,4,zcy
92,1,lvl.png
93,7,250
94,8,150
95,1,service_order.png
96,7,250
97,4,1
98,1,data_resource.png
99,7,250
100,8,125
101,1,intro.png
102,7,250
103,4,666
104,1,class.png
105,7,250
106,5,1
107,8,125
108,1,service_engine.png
109,7,250
110,5,1
111,8,125
112,1,service_type.png
113,7,250
114,5,1
115,8,-550
116,5,1
117,6,-400
118,1,dizuo.png
119,7,250
120,8,250
121,1,address1.png
122,7,250
123,4,www.baidu.com
124,1,address2.png
125,7,250
126,4,www.baidu.com
127,5,2
128,6,-400
129,1,zuobiao.png
130,7,250
131,5,1
132,8,-150
133,5,1
134,6,-300
135,1,fgfw.png
136,7,250
137,4,fgfw
138,1,zxzb.png
139,7,250
140,4,zxzb
141,1,save.png
